<?xml version="1.0" encoding="UTF-8" ?>
<!DOCTYPE mapper PUBLIC "-//mybatis.org//DTD Mapper 3.0//EN"
             "http://mybatis.org/dtd/mybatis-3-mapper.dtd">

<mapper namespace="net.skhu.mapper.ManagerMapper">

  <resultMap id="ManagerWithProject" type="net.skhu.dto.Manager">
    <id property="id" column="id" />
    <result property="name" column="name" />
    <result property="phone" column="phone" />
    <result property="office" column="office" />
    <result property="email" column="email" />
    <association property="project" javaType="net.skhu.dto.Project">
      <id property="id" column="projectId" />
      <result property="title" column="title" />
      <result property="managerId" column="managerId" />
      <result property="progress" column="progress" />
      <result property="priority" column="priority" />
    </association>
  
  </resultMap>

</mapper>

