<?xml version="1.0" encoding="UTF-8" ?>
<!DOCTYPE mapper PUBLIC "-//mybatis.org//DTD Mapper 3.0//EN"
             "http://mybatis.org/dtd/mybatis-3-mapper.dtd">

<mapper namespace="net.skhu.mapper.ProjectMapper">

 

  <resultMap id="ProjectWithManager" type="net.skhu.dto.Project">
    <id property="id" column="id" />
    <result property="title" column="title" />
      <result property="managerId" column="managerId" />
      <result property="progress" column="progress" />
      <result property="priority" column="priority" />
    <collection property="managers" ofType="net.skhu.dto.Manager">
      <id property="id" column="managerId" />
      <result property="name" column="name" />
      <result property="phone" column="phone" />
      <result property="office" column="office" />
      <result property="priority" column="priority" />
    </collection>
  </resultMap>

</mapper>
